{"current_position": "", "name": "Adi Abili", "title": "Founder & CEO, Glassroots Ventures,Founder & CEO,Program Manager,Analyst - Start ups,Auditor,Team Associate", "skills": "Auditing,Internal Controls,IFRS,External Audit,Financial Reporting,Financial Accounting,Accounting,Tax,Financial Analysis,Internal Audit,Financial Audits,Due Diligence,Financial Modeling,Corporate Finance,Finance,Assurance,English,Microsoft Excel,Microsoft Office,PowerPoint,Private Equity", "linkedin_url": "https://www.linkedin.com/pub/adi-abili/58/709/b84", "past_positions": "", "location": "San Francisco Bay Area", "current_employer": "", "past_employers": ""}
