{"current_position": "", "name": "Alexandra Bevin Cohen", "title": "Founder/CEO Pegg'd,CEO,Principle Designer,Jewelry Designer,Graphic Design,Curating Exhibition and Design Consultant,3D Modeling,Summer Internship,Associate\tSummer 2007 Associate,Volunteer", "skills": "B.F.A/B.A, Interior Architecture / Interior Design\n\nPratt Institute\n\n\n\nInterior Design\n\n\nConstruction Drawings\n\n\nArt History Advanced\n\n\nPainting\n\n\nBranding,Interior Design,Construction Drawings,Art History Advanced,Painting,Branding,English\n\n(Native or bilingual proficiency),Spanish\n\n(Elementary proficiency),French\n\n(Limited working proficiency),Start-ups,Entrepreneurship,Technology,Mobile Applications,Web Development,Graphics,Social Media,User Experience,Advertising,WordPress,Fine Art,Digital Art,InDesign,Illustrator,Photoshop,Graphic Design,Web Design,Photography,Art,SEO,Art Direction,SketchUp,Magazines,Interior Architecture,Creative Direction,Logo Design,Social Networking,E-commerce,Marketing,Social Media Marketing,Marketing Strategy,Brand Development,Adobe Creative Suite,User Interface", "linkedin_url": "http://www.linkedin.com/in/alexandrabevincohen", "past_positions": "", "location": "San Francisco Bay Area", "current_employer": "", "past_employers": ""}
