{"current_position": "", "name": "Alexander Shtuchkin", "title": "", "skills": "Product Management,Mobile Applications,Mobile Devices,Software Project...,Software Development,Telecommunications,User Experience,Android,Start-ups,Git,Agile Methodologies,User Interface,Scrum,OOP,JIRA,Subversion,Software Engineering,Mobile Technology,Entrepreneurship,Mobile Communications,XML,JSON,Distributed Systems,REST,Embedded Systems,Web Applications,JavaScript,Agile Project Management,LTE,C++,Integration,Software Design,Architectures,Web Development,Linux,Design Patterns,Java", "linkedin_url": "http://www.linkedin.com/in/ashtuchkin", "past_positions": "", "location": "United States", "current_employer": "", "past_employers": ""}
