{"current_position": "", "name": "Cecile Le Guen", "title": "Account Executive at Algolia,Account Executive", "skills": "English\n\n(Full professional proficiency),Greek\n\n(Professional working proficiency),Spanish\n\n(Limited working proficiency),Italian\n\n(Elementary proficiency),Swedish\n\n(Elementary proficiency),FR,Coordination,Social Media,French,Project Management,E-commerce,Photoshop,HTML,Marketing,English", "linkedin_url": "http://www.linkedin.com/in/cecileleguen", "past_positions": "", "location": "Paris Area, France", "current_employer": "", "past_employers": ""}
