{"current_position": "", "name": "Donnie Wang", "title": "Product Manager off learning iOS development", "skills": "Product Marketing,Strategic Partnerships,Brand Management,Digital Marketing,Product Management,Marketing Strategy,Marketing,Social Media Marketing,CRM,E-commerce,Email Marketing,Video Games,Mobile Devices,Market Research,Photoshop,Illustrator,WordPress,HTML,CSS,Ad Tech,Product Development,Cross-functional Team...", "linkedin_url": "http://www.linkedin.com/in/donniewang", "past_positions": "Director of Marketing,Product Marketing Manager,Brand Manager,Senior Product Manager,Marketing Coordinator", "location": "San Francisco Bay Area,Mountain View, CA,Palo Alto, CA,Sunnyvale, CA,San Francisco, CA,New York, NY,Carlsbad, CA", "current_employer": "", "past_employers": ",Raptr,NOOK Media,HP webOS Global Business Unit,Ubisoft,The Topps Company,Upper Deck"}
