{"current_position": "", "name": "Elen Awalom", "title": "Full Stack Engineer, Founder/CEO Curatoric", "skills": "English\n\n(Native or bilingual proficiency),Tigrinya\n\n(Native or bilingual proficiency),Amharic\n\n(Professional working proficiency),Spanish\n\n(Native or bilingual proficiency),Arabic\n\n(Professional working proficiency),Portuguese\n\n(Limited working proficiency),Mandarin\n\n(Limited working proficiency),Ruby on Rails,jQuery,JavaScript,CSS,HTML,SQL,iOS,Photography,Start-ups,Lean Startup,Contemporary Art,African markets,Radio Producing,Creative Writing,Sub-Saharan Africa,Digital Marketing,Business Development,Test Driven Development,Sinatra,Reiki,Mindfulness Meditation,User Interface Design,Web Development,WordPress,Yoga,Mac,Web Design,Blogging,Ruby,Java,Objective-C,JavaScript", "linkedin_url": "http://www.linkedin.com/pub/elen-awalom/7b/199/550", "past_positions": "", "location": "San Francisco, California", "current_employer": "", "past_employers": ""}
