{"current_position": "", "name": "Gabriel Song", "title": "User Success at RelateIQ,User Success,Growth,Growth & Operations Lead,Business Development,Media Analyst,Sales & Account Executive Intern,Volunteer", "skills": "Business Development,SEO,Product Development,A/B testing,Entrepreneurship,Startup Marketing,Marketing,Web Analytics,Growth Hacking,Product Management,Tableau,Storytelling,User Acquisition,Project Management,Google Adwords,Google Analytics,Microsoft Excel,HTML,Growth Strategies,Scrum,Markdown,JavaScript,Matlab,Start-ups,English\n\n(Native or bilingual proficiency),Spanish\n\n(Native or bilingual proficiency),Korean\n\n(Native or bilingual proficiency)", "linkedin_url": "http://www.linkedin.com/in/gabrielsong", "past_positions": "", "location": "San Francisco, California", "current_employer": "", "past_employers": ""}
