{"current_position": "Growth marketing,Founder", "name": "jeremy zaccherini", "title": "Etudiant \u00e0 l'istec, \u00e9cole sup\u00e9rieure de commerce et de marketing", "skills": "Social Media,Web 2.0,E-commerce,Marketing,Ruby on Rails,Social Media Marketing,Online Sales,Online Advertising,Online Communications,Front End Engineering...,JavaScript,Web Development,Marketing Communications,Event Management,Event Planning,Ruby,Web Marketing Strategy,Sales Growth,Entrepreneurship,Online Marketing,Social Networking,Business Strategy,Business Development", "linkedin_url": "http://fr.linkedin.com/in/zaccherinij/en", "past_positions": "Major in Business Administration,Model,Stagiaire assistant / trainee,vente/logistique/merchandising ADIDAS,Participation au concours de cr\u00e9ation d'entreprise,Student in Business and Entrepreneurship,Stagiaire/trainee,vendeur cariole \u00e0 Roland-Garros,vendeur-conseil", "location": "Paris Area, France,Paris,San Francisco Bay Area,Paris , France,Dublin,porte d'auteil,paris XII", "current_employer": ",Leetchi.com,Sharkit.co", "past_employers": ",San Francisco State University,Abercrombie & Fitch,auto entreprise,Ajilon,Ecole Centrale Paris,International School of Business, Dublin,Orange Business Services chez Dam's pro,Adecco,TELEPHONE STORE"}
