{"current_position": "", "name": "Lynne Okada", "title": "iOS Developer Intern at MakeSchool,Programming Mentor,iOS Programming Intern,Hackathon Mentor,iOS Developer", "skills": "English\n\n(Native or bilingual proficiency),Japanese\n\n(Native or bilingual proficiency),iOS Development,Game Design,Objective-C,Python,Cocos2d,SpriteBuilder", "linkedin_url": "https://www.linkedin.com/pub/lynne-okada/a3/67a/79a", "past_positions": "", "location": "Saratoga, California", "current_employer": "", "past_employers": ""}
