{"current_position": "Software Test Engineer", "name": "Manny Karyampudi", "title": "Software Engineer", "skills": "Java,Android SDK,Ruby on Rails,HTML,CSS,jQuery,JavaScript,Git,PostgreSQL,C#,T-SQL,JSON,iOS development,Node.js,C++,C,Objective-C,Linux,Bash,Algorithms,Data Structures,Eclipse,Software Development,Web Development,SDLC,Bug Tracking,Cygwin,Matlab,SharePoint,Biomedical Engineering,Signal Processing,ImageJ,XML,Visual Basic,Visual Studio,Agile & Waterfall...,Numerical Analysis,Computer Vision,Image Analysis,Optics,Medical Imaging,Electrical Engineering,Arduino,Python", "linkedin_url": "http://www.linkedin.com/in/mannykary", "past_positions": "", "location": "San Francisco Bay Area,Greater San Diego Area", "current_employer": "Revere IT", "past_employers": ""}
