{"current_position": "", "name": "Nicholas La Roux", "title": "Web Developer & Senior IT Major,Web Development Intern,System Analysis Intern,Data Center Operator,Hardware Technician,Cashier/Cook/Custodian", "skills": "PHP,HTML 5,OS X,JavaScript,Windows,CSS,Ruby on Rails,Databases,Troubleshooting,Computer Hardware,Android,iOS,Ruby,jQuery,Linux,Node.js,Computer Maintenance,Mac OS X,Video Production,Video Editing,Video Camera,Web Development,SQL,MySQL,Heroku", "linkedin_url": "http://www.linkedin.com/in/larouxn", "past_positions": "", "location": "Glen Rock, New Jersey", "current_employer": "", "past_employers": ""}
