{"current_position": "Technical Product Manager,Founder", "name": "Nikhil Srinivasan", "title": "Product at Quixey", "skills": "", "linkedin_url": "http://www.linkedin.com/in/nikhilsrinivasan", "past_positions": "Researcher,Undergraduate Researcher", "location": "Stanford, California,Mountain View, California,Palo Alto, CA,Boston, Massachusetts,Albany, New York Area,Chennai, Tamil Nadu", "current_employer": ",Quixey,Bitpass", "past_employers": ",Stanford University School of Medicine (Prakash Lab),Wyss Institute for Biologically Inspired Engineering,Harvard Medical School (Church Lab),Center for Biotechnology and Interdisciplinary Science (McGown Lab),Indian Institute of Technology, Madras (Manoj Lab)"}
