{"current_position": "Senior Software Engineer", "name": "sarjeet singh", "title": "Senior Software Engineer", "skills": "jQuery,Drupal,PHP,Web Services,MySQL,JavaScript,XML,HTML,CSS,Linux,Java,Apache,Web Development,LAMP,Open Source,Web Applications,JSON,HTML5,Git,MVC,Scrum,CMS", "linkedin_url": "https://in.linkedin.com/in/sarjeetsingh", "past_positions": "Software eng.,Project Leader", "location": "Gurgaon, India", "current_employer": ",IOMEDIA", "past_employers": ",Stigasoft,Phinest Software Pvt. Ltd"}
