{"current_position": "", "name": "Shrav Mehta", "title": "Developer Evangelist at Hired, Inc.,Developer Evangelist,Software Engineer", "skills": "APIs,Start-ups,Node.js,Ruby,Android,Python,Java,JavaScript,User Interface Design,Web Design,Photoshop,Andengine,Unix,OpenGL,SQL,Illustrator,Business Strategy,Venture Capital,Finance,Entrepreneurship,Project Management,Cloud Computing,Business Development,English\n\n(Native or bilingual proficiency),Spanish\n\n(Professional working proficiency)", "linkedin_url": "https://www.linkedin.com/in/shravmehta", "past_positions": "", "location": "San Francisco Bay Area", "current_employer": "", "past_employers": ""}
