{"current_position": "Co-founder & Chief Technology Officer,Software Engineer", "name": "Tiago C\u00e9sar Oliveira", "title": "Software engineer at Indra Brasil S/A", "skills": "ASP.NET,C#,JavaScript,jQuery,HTML 5,CSS,Web Development,Web Applications,ASP.NET MVC,LINQ,Entity Framework,Operating Systems,Web Services,ETL,MySQL,Databases,JSON,SSIS 2008,CSS 3,SQL Azure,English,REST,WCF,Microsoft Azure,Software Development,RUP,AJAX,Test Driven Development,MVC,Software Engineering,SQL,Integration,Microsoft SQL Server,.NET", "linkedin_url": "http://br.linkedin.com/in/tiagocesar", "past_positions": "Online Strategies Adviser,System Architect,Systems Analyst,Webdeveloper,Trainee", "location": "Bras\u00edlia Area, Brazil", "current_employer": "Vertico,,Indra", "past_employers": ",Administra,CognosTECH Sistemas,Cast Inform\u00e1tica S.A.,Channel Tecnologia,Cart\u00e3o BRB"}
