{"current_position": "", "name": "Usman Bashir", "title": "VP - Lead Designer/Developer - Risk Management Data Warehouse at Bank of America,VP - Lead Designer/Developer - Risk Management Data Warehouse,Sr. Data Warehouse Designer/Developer,Sr. Data Warehouse Consultant,Lead ETL Architect,Web Developer", "skills": "Data Warehouse Architecture,Informatica,Oracle,Netezza,Hadoop,Hive,Shell Scripting,Data Modeling,Data Analysis,PL/SQL,Perl,Metadata Management,Tidal,Autosys,System Automation,Erwin,Cognos,Hbase,Splunk,Python,MapReduce,Resource Management,DB2,Teradata,SDLC,Dimensional Modeling,Data Warehousing,Quality Assurance,Databases,ETL,Testing,Performance Tuning,Microsoft SQL Server,Requirements Gathering,Visio,OLAP,Sybase", "linkedin_url": "http://www.linkedin.com/in/usmanbashir1", "past_positions": "", "location": "Charlotte, North Carolina Area", "current_employer": "", "past_employers": ""}
