{"current_position": "Business Development", "name": "Vlad Nov", "title": "Business Development at Mashape", "skills": "", "linkedin_url": "https://www.linkedin.com/in/vladnovv", "past_positions": "Founder,Owner/Operator,Account Representative,Grocery Clerk", "location": "San Francisco, California,San Francisco Bay Area,Toronto, Canada Area,Boca Raton, Florida Area,Richmond Hill, Ontario", "current_employer": ",Mashape", "past_employers": ",1000 Apparel,Student Works Painting,Acquinity Interactive,Longo's"}
