{"current_position": "", "name": "Yury Lifshits", "title": "CEO / Co-Founder at Blended Labs,CEO / Co-Founder,CEO / Founder,Research Scientist,Postdoctoral Scholar", "skills": "English\n\n(Native or bilingual proficiency),Russian\n\n(Native or bilingual proficiency),Algorithms,Python,Data Mining,Computer Science,Web Development,Machine Learning,Information Retrieval,Product Management,Software Engineering,Programming,Agile Methodologies,Natural Language Processing,Git,Django,Big Data,SQL,Linux,LaTeX,Scalability,Start-ups,Software Development,Start-up Consulting", "linkedin_url": "http://www.linkedin.com/in/lifshits", "past_positions": "", "location": "San Francisco Bay Area", "current_employer": "", "past_employers": ""}
